código,nombre del libro,fecha de préstamo del libro,fecha de devolución del libro,temática del libro,número de páginas
1,Cien años de soledad,2023-01-15,2023-02-01,Realismo mágico,417
2,1984,2023-02-10,2023-02-24,Distopía,328
3,El principito,2023-03-05,2023-03-19,Fantasía,96
4,Don Quijote de la Mancha,2023-03-28,2023-04-11,Novela de caballerías,943
5,El Gran Gatsby,2023-04-20,2023-05-04,Tragedia,180
6,Matar a un ruiseñor,2023-05-12,2023-05-26,Drama,281
7,Orgullo y prejuicio,2023-06-03,2023-06-17,Romance,432
8,El señor de los anillos: La comunidad del anillo,2023-06-25,2023-07-09,Fantasía épica,423
9,El diario de Ana Frank,2023-07-18,2023-08-01,Autobiografía,320
10,Crimen y castigo,2023-08-10,2023-08-24,Novela psicológica,545
11,El nombre de la rosa,1992-05-20,1992-06-03,Novela histórica,512
12,La insoportable levedad del ser,1985-09-12,1985-09-26,Filosofía,340
13,El perfume,1987-03-08,1987-03-22,Novela histórica,256
14,La conjura de los necios,1982-11-15,1982-11-29,Sátira,405
15,El amor en los tiempos del cólera,1988-06-30,1988-07-14,Realismo mágico,348
16,La sombra del viento,2004-02-25,2004-03-10,Misterio,531
17,El código Da Vinci,2006-08-18,2006-09-01,Thriller,454
18,Los pilares de la Tierra,1990-04-05,1990-04-19,Novela histórica,973
19,El mundo de Sofía,1993-12-22,1994-01-05,Filosofía,520
20,Ángeles y demonios,2003-07-02,2003-07-16,Thriller,616
21,La catedral del mar,2007-10-30,2007-11-13,Novela histórica,688
22,El alquimista,1991-01-10,1991-01-24,Novela filosófica,167
23,Momo,1975-06-18,1975-07-02,Fantasía,224
24,La historia interminable,1980-05-08,1980-05-22,Fantasía,392
25,El hobbit,1937-09-21,1937-10-05,Fantasía épica,310
26,El león, la bruja y el armario,1950-10-16,1950-10-30,Fantasía,173
27,Charlie y la fábrica de chocolate,1964-07-13,1964-07-27,Fantasía,155
28,Matilda,1988-10-01,1988-10-15,Fantasía,232
29,Las brujas,1983-02-14,1983-02-28,Fantasía,192
30,Coraline,2002-09-05,2002-09-19,Fantasía oscura,162
31,El maravilloso viaje de Nils Holgersson,1906-11-24,1906-12-08,Fantasía,400
32,Peter Pan,1911-02-12,1911-02-26,Fantasía,189
33,Alicia en el país de las maravillas,1865-07-04,1865-07-18,Fantasía,120
34,El mago de Oz,1900-05-17,1900-05-31,Fantasía,215
35,La princesa prometida,1973-10-12,1973-10-26,Fantasía,400
36,La historia sin fin,1979-09-01,1979-09-15,Fantasía,352
37,El castillo ambulante,1986-04-25,1986-05-09,Fantasía,196
38,El viaje de Chihiro,2001-07-20,2001-08-03,Fantasía,125
39,Pesadillas,1992-06-11,1992-06-25,Terror,120
40,Escalofríos,1992-07-13,1992-07-27,Terror,121
41,El exorcista,1971-12-26,1972-01-09,Terror,340
42,El resplandor,1977-01-15,1977-01-29,Terror,447
43,Carrie,1974-04-03,1974-04-17,Terror,199
44,Psicosis,1959-09-08,1959-09-22,Terror,240
45,El silencio de los corderos,1988-08-14,1988-08-28,Terror,353
46,Drácula,1897-05-26,1897-06-09,Terror,390
47,Frankenstein,1818-01-01,1818-01-15,Terror,280
48,El cementerio de animales,1983-09-19,1983-10-03,Terror,374
49,It (Eso),1986-09-15,1986-09-29,Terror,1138
50,Entrevista con el vampiro,1976-05-03,1976-05-17,Terror,371
51,Drácula,1897-05-26,1897-06-09,Terror,390
52,Frankenstein,1818-01-01,1818-01-15,Terror,280
53,El cementerio de animales,1983-09-19,1983-10-03,Terror,374
54,It (Eso),1986-09-15,1986-09-29,Terror,1138
55,Entrevista con el vampiro,1976-05-03,1976-05-17,Terror,371
56,El resplandor,1977-08-22,1977-09-05,Terror,447
57,El exorcista,1971-11-10,1971-11-24,Terror,340
58,Carrie,1974-02-18,1974-03-04,Terror,199
59,Psicosis,1959-06-16,1959-06-30,Terror,240
60,El silencio de los corderos,1988-03-20,1988-04-03,Terror,353
61,El juego de Gerald,1992-05-12,1992-05-26,Terror,304
62,Misery,1987-06-08,1987-06-22,Terror,310
63,La niebla,1980-10-20,1980-11-03,Terror,176
64,El misterio de Salem's Lot,1975-04-17,1975-05-01,Terror,439
65,Cujo,1981-09-28,1981-10-12,Terror,319
66,Christine,1983-04-29,1983-05-13,Terror,526
67,Cementerio de mascotas,1989-11-22,1989-12-06,Terror,367
68,La zona muerta,1979-02-01,1979-02-15,Terror,428
69,El cazador de sueños,2001-03-20,2001-04-03,Terror,620
70,La larga marcha,1979-07-05,1979-07-19,Terror,384
71,Carrie,1974-06-12,1974-06-26,Terror,199
72,El misterio de Salem's Lot,1975-08-05,1975-08-19,Terror,439
73,El resplandor,1977-12-03,1977-12-17,Terror,447
74,La niebla,1980-03-15,1980-03-29,Terror,176
75,Cujo,1981-01-22,1981-02-05,Terror,319
76,Christine,1983-07-10,1983-07-24,Terror,526
77,El cementerio de animales,1983-12-30,1984-01-13,Terror,374
78,It (Eso),1986-03-02,1986-03-16,Terror,1138
79,Misery,1987-11-18,1987-12-02,Terror,310
80,El silencio de los corderos,1988-05-25,1988-06-08,Terror,353
81,Cementerio de mascotas,1989-04-10,1989-04-24,Terror,367
82,El juego de Gerald,1992-08-29,1992-09-12,Terror,304
83,La zona muerta,1979-05-18,1979-06-01,Terror,428
84,El cazador de sueños,2001-06-27,2001-07-11,Terror,620
85,La larga marcha,1979-10-13,1979-10-27,Terror,384
86,El pasillo de la muerte,1981-02-14,1981-02-28,Terror,416
87,Apocalipsis,1978-09-10,1978-09-24,Terror,823
88,La cúpula,2009-11-10,2009-11-24,Terror,1074
89,22/11/63,2011-11-08,2011-11-22,Terror,849
90,El instituto,2019-09-10,2019-09-24,Terror,576
91,El resplandor,1977-05-05,1977-05-19,Terror,447
92,La niebla,1980-07-28,1980-08-11,Terror,176
93,Cujo,1981-04-30,1981-05-14,Terror,319
94,Christine,1983-10-02,1983-10-16,Terror,526
95,El cementerio de animales,1983-06-15,1983-06-29,Terror,374
96,It (Eso),1986-06-20,1986-07-04,Terror,1138
97,Misery,1987-02-25,1987-03-11,Terror,310
98,El silencio de los corderos,1988-09-12,1988-09-26,Terror,353
99,Cementerio de mascotas,1989-07-23,1989-08-06,Terror,367
100,El juego de Gerald,1992-12-10,1992-12-24,Terror,304
101,La zona muerta,1979-08-31,1979-09-14,Terror,428
102,El cazador de sueños,2001-09-18,2001-10-02,Terror,620
103,La larga marcha,1979-02-08,1979-02-22,Terror,384
104,El pasillo de la muerte,1981-05-23,1981-06-06,Terror,416
105,Apocalipsis,1978-02-12,1978-02-26,Terror,823
106,La cúpula,2009-03-18,2009-04-01,Terror,1074
107,22/11/63,2011-04-05,2011-04-19,Terror,849
108,El instituto,2019-02-14,2019-02-28,Terror,576
109,El misterio de la cripta embrujada,1979-06-13,1979-06-27,Infantil,128
110,Las aventuras de Tom Sawyer,1876-12-10,1876-12-24,Infantil,275
111,Huckleberry Finn,1884-02-18,1884-03-04,Infantil,366
112,Mujercitas,1868-09-30,1868-10-14,Infantil,448
113,El jardín secreto,1911-08-28,1911-09-11,Infantil,272
114,Pollyanna,1913-07-15,1913-07-29,Infantil,310
115,Heidi,1880-12-06,1880-12-20,Infantil,264
116,La isla del tesoro,1883-05-14,1883-05-28,Infantil,312
117,El principito,1943-04-06,1943-04-20,Infantil,96
118,Pinocho,1883-07-07,1883-07-21,Infantil,192
119,La sirenita,1837-04-07,1837-04-21,Infantil,52
120,El patito feo,1843-11-11,1843-11-25,Infantil,32
121,El soldadito de plomo,1838-10-02,1838-10-16,Infantil,24
122,Pulgarcita,1835-12-16,1835-12-30,Infantil,40
123,La reina de las nieves,1844-12-21,1844-01-04,Infantil,72
124,El traje nuevo del emperador,1837-04-07,1837-04-21,Infantil,16
125,Los músicos de Bremen,1819-05-20,1819-06-03,Infantil,20
126,Juan sin miedo,1812-09-15,1812-09-29,Infantil,48
127,La bella durmiente,1697-01-10,1697-01-24,Infantil,56
128,Caperucita Roja,1697-01-10,1697-01-24,Infantil,24
129,Cenicienta,1697-01-10,1697-01-24,Infantil,48
130,El gato con botas,1697-01-10,1697-01-24,Infantil,32
131,Hansel y Gretel,1812-09-15,1812-09-29,Infantil,36
132,Blancanieves,1812-09-15,1812-09-29,Infantil,52
133,Rapunzel,1812-09-15,1812-09-29,Infantil,40
134,La bella y la bestia,1740-05-24,1740-06-07,Infantil,64
135,El libro de la selva,1894-10-14,1894-10-28,Infantil,223
136,Peter Rabbit,1902-10-01,1902-10-15,Infantil,48
137,Winnie-the-Pooh,1926-10-14,1926-10-28,Infantil,160
138,El viento en los sauces,1908-10-08,1908-10-22,Infantil,277
139,La telaraña de Carlota,1952-10-15,1952-10-29,Infantil,184
140,James y el melocotón gigante,1961-09-12,1961-09-26,Infantil,152
141,Las crónicas de Narnia: El león, la bruja y el armario,1950-10-16,1950-10-30,Infantil,173
142,Un wrinkle in time,1962-03-12,1962-03-26,Infantil,211
143,La bruja de Blackbird Pond,1958-04-22,1958-05-06,Infantil,248
144,The Westing Game,1978-09-05,1978-09-19,Infantil,185
145,Bridge to Terabithia,1977-02-14,1977-02-28,Infantil,128
146,Roll of Thunder, Hear My Cry,1976-08-10,1976-08-24,Infantil,276
147,Number the Stars,1989-04-17,1989-05-01,Infantil,137
148,Hatchet,1987-09-30,1987-10-14,Infantil,195
149,Holes,1998-08-20,1998-09-03,Infantil,233
150,Bud, Not Buddy,1999-01-12,1999-01-26,Infantil,245
151,El diario de Greg 1: Un pringao total,2007-04-01,2007-04-15,Infantil,217
152,Harry Potter y la piedra filosofal,1997-06-26,1997-07-10,Infantil,309
153,Harry Potter y la cámara secreta,1998-07-02,1998-07-16,Infantil,341
154,Harry Potter y el prisionero de Azkaban,1999-07-08,1999-07-22,Infantil,435
155,Harry Potter y el cáliz de fuego,2000-07-08,2000-07-22,Infantil,636
156,Harry Potter y la Orden del Fénix,2003-06-21,2003-07-05,Infantil,766
157,Harry Potter y el misterio del príncipe,2005-07-16,2005-07-30,Infantil,607
158,Harry Potter y las Reliquias de la Muerte,2007-07-21,2007-08-04,Infantil,607
159,Percy Jackson y el ladrón del rayo,2005-06-28,2005-07-12,Infantil,377
160,Percy Jackson y el mar de los monstruos,2006-05-01,2006-05-15,Infantil,304
161,Percy Jackson y la maldición del titán,2007-05-10,2007-05-24,Infantil,313
162,Percy Jackson y la batalla del laberinto,2008-05-06,2008-05-20,Infantil,361
163,Percy Jackson y el último olímpico,2009-05-05,2009-05-19,Infantil,381
164,Los héroes del Olimpo: El héroe perdido,2010-10-12,2010-10-26,Infantil,552
165,Los héroes del Olimpo: El hijo de Neptuno,2011-10-04,2011-10-18,Infantil,522
166,Los héroes del Olimpo: La marca de Atenea,2012-10-02,2012-10-16,Infantil,527
167,Los héroes del Olimpo: La casa de Hades,2013-10-08,2013-10-22,Infantil,563
168,Los héroes del Olimpo: La sangre del Olimpo,2014-10-07,2014-10-21,Infantil,515
169,Las pruebas de Apolo: El oráculo oculto,2016-05-03,2016-05-17,Infantil,374
170,Las pruebas de Apolo: La profecía oscura,2017-05-02,2017-05-16,Infantil,433
171,Las pruebas de Apolo: El laberinto en llamas,2018-05-01,2018-05-15,Infantil,444
172,Las pruebas de Apolo: La tumba del tirano,2019-09-24,2019-10-08,Infantil,459
173,Las pruebas de Apolo: La torre de Nerón,2020-09-29,2020-10-13,Infantil,472
174,Magnus Chase y los dioses de Asgard: La espada del verano,2015-10-06,2015-10-20,Infantil,478
175,Magnus Chase y los dioses de Asgard: El martillo de Thor,2016-10-04,2016-10-18,Infantil,452
176,Magnus Chase y los dioses de Asgard: El barco de los muertos,2017-10-03,2017-10-17,Infantil,490
177,Las crónicas de Kane: La pirámide roja,2010-05-04,2010-05-18,Infantil,516
178,Las crónicas de Kane: El trono de fuego,2011-05-03,2011-05-17,Infantil,561
179,Las crónicas de Kane: La sombra de la serpiente,2012-05-01,2012-05-15,Infantil,570
180,El reino de la fantasía,2008-12-09,2008-12-23,Infantil,416
181,El señor de los anillos: La comunidad del anillo,1954-07-29,1954-08-12,Fantasía épica,423
182,El señor de los anillos: Las dos torres,1954-11-11,1954-11-25,Fantasía épica,352
183,El señor de los anillos: El retorno del rey,1955-10-20,1955-11-03,Fantasía épica,416
184,El hobbit,1937-09-21,1937-10-05,Fantasía épica,310
185,El Silmarillion,1977-09-15,1977-09-29,Fantasía épica,365
186,Los hijos de Húrin,2007-04-17,2007-05-01,Fantasía épica,313
187,Beren y Lúthien,2017-06-01,2017-06-15,Fantasía épica,295
188,La caída de Gondolin,2018-08-30,2018-09-13,Fantasía épica,305
189,Canción de hielo y fuego: Juego de tronos,1996-08-06,1996-08-20,Fantasía épica,694
190,Canción de hielo y fuego: Choque de reyes,1998-11-16,1998-11-30,Fantasía épica,761
191,Canción de hielo y fuego: Tormenta de espadas,2000-08-08,2000-08-22,Fantasía épica,973
192,Canción de hielo y fuego: Festín de cuervos,2005-10-17,2005-10-31,Fantasía épica,753
193,Canción de hielo y fuego: Danza de dragones,2011-07-12,2011-07-26,Fantasía épica,1016
194,La Rueda del Tiempo: El ojo del mundo,1990-01-15,1990-01-29,Fantasía épica,782
195,La Rueda del Tiempo: La gran cacería,1990-11-15,1990-11-29,Fantasía épica,681
196,La Rueda del Tiempo: El dragón renacido,1991-10-15,1991-10-29,Fantasía épica,545
197,La Rueda del Tiempo: La sombra se alza,1992-09-15,1992-09-29,Fantasía épica,702
198,La Rueda del Tiempo: Los fuegos del cielo,1993-10-12,1993-10-26,Fantasía épica,792
199,La Rueda del Tiempo: El Señor del Caos,1994-10-15,1994-10-29,Fantasía épica,721
200,La Rueda del Tiempo: Una corona de espadas,1996-05-15,1996-05-29,Fantasía épica,856
201,La Rueda del Tiempo: El camino de dagas,1998-10-20,1998-11-03,Fantasía épica,704
202,La Rueda del Tiempo: El corazón del invierno,2000-11-07,2000-11-21,Fantasía épica,766
203,La Rueda del Tiempo: Encrucijada en el crepúsculo,2003-01-07,2003-01-21,Fantasía épica,672
204,La Rueda del Tiempo: Cuchillo de sueños,2005-10-11,2005-10-25,Fantasía épica,736
205,La Rueda del Tiempo: La tormenta,2009-10-27,2009-11-10,Fantasía épica,762
206,La Rueda del Tiempo: Torres de medianoche,2010-11-02,2010-11-16,Fantasía épica,864
207,La Rueda del Tiempo: Un recuerdo de luz,2013-01-08,2013-01-22,Fantasía épica,909
208,Malaz: El libro de los caídos: Los jardines de la Luna,1999-02-16,1999-03-01,Fantasía épica,601
209,Malaz: El libro de los caídos: Las puertas de la Casa de la Muerte,2000-03-01,2000-03-15,Fantasía épica,704
210,Malaz: El libro de los caídos: Memorias de hielo,2001-02-27,2001-03-12,Fantasía épica,994
211,Malaz: El libro de los caídos: La Casa de Cadenas,2002-11-01,2002-11-15,Fantasía épica,837
212,Malaz: El libro de los caídos: Mareas de medianoche,2004-10-01,2004-10-15,Fantasía épica,906
213,Malaz: El libro de los caídos: Los cazahuesos,2005-08-02,2005-08-16,Fantasía épica,1024
214,Malaz: El libro de los caídos: El regreso de la Guardia Carmesí,2006-02-28,2006-03-13,Fantasía épica,902
215,Malaz: El libro de los caídos: Polvo de sueños,2008-09-30,2008-10-14,Fantasía épica,1017
216,Malaz: El libro de los caídos: El Dios Tullido,2009-03-31,2009-04-14,Fantasía épica,912
217,Malaz: El libro de los caídos: La cosecha de Escombros,2010-08-31,2010-09-14,Fantasía épica,981
218,Nacidos de la bruma: El imperio final,2006-08-15,2006-08-29,Fantasía épica,541
219,Nacidos de la bruma: El pozo de la ascensión,2007-08-21,2007-09-04,Fantasía épica,590
220,Nacidos de la bruma: El héroe de las eras,2008-08-12,2008-08-26,Fantasía épica,647
221,Nacidos de la bruma: Aleación de ley,2009-11-17,2009-12-01,Fantasía épica,541
222,El archivo de las tormentas: El camino de los reyes,2010-08-31,2010-09-14,Fantasía épica,1007
223,El archivo de las tormentas: Palabras radiantes,2014-03-04,2014-03-18,Fantasía épica,1087
224,El archivo de las tormentas: Juramentada,2017-11-14,2017-11-28,Fantasía épica,1248
225,El archivo de las tormentas: El ritmo de la guerra,2020-11-17,2020-12-01,Fantasía épica,1232
226,La Primera Ley: La voz de las espadas,2006-08-01,2006-08-15,Fantasía oscura,479
227,La Primera Ley: Antes de que los ahorquen,2007-07-31,2007-08-14,Fantasía oscura,539
228,La Primera Ley: El último argumento de los reyes,2008-03-18,2008-04-01,Fantasía oscura,603
229,La Primera Ley: Los héroes,2011-01-11,2011-01-25,Fantasía oscura,462
230,El problema de los tres cuerpos,2008-11-03,2008-11-17,Ciencia ficción,400
231,El bosque oscuro,2008-05-01,2008-05-15,Ciencia ficción,485
232,El fin de la muerte,2010-08-20,2010-09-03,Ciencia ficción,517
233,Dune,1965-08-01,1965-08-15,Ciencia ficción,412
234,El mesías de Dune,1969-07-22,1969-08-05,Ciencia ficción,331
235,Hijos de Dune,1976-04-15,1976-04-29,Ciencia ficción,408
236,Dios emperador de Dune,1981-01-20,1981-02-03,Ciencia ficción,421
237,Herejes de Dune,1984-04-12,1984-04-26,Ciencia ficción,471
238,Casa Capitular Dune,1985-04-15,1985-04-29,Ciencia ficción,444
239,Cazadores de Dune,2006-08-10,2006-08-24,Ciencia ficción,424
240,Gusanos de arena de Dune,2007-08-14,2007-08-28,Ciencia ficción,474
241,Fundación,1951-05-20,1951-06-03,Ciencia ficción,224
242,Fundación e Imperio,1952-06-01,1952-06-15,Ciencia ficción,247
243,Segunda Fundación,1953-01-10,1953-01-24,Ciencia ficción,210
244,Los límites de la Fundación,1982-11-12,1982-11-26,Ciencia ficción,356
245,Fundación y Tierra,1986-06-08,1986-06-22,Ciencia ficción,354
246,Preludio a la Fundación,1988-11-08,1988-11-22,Ciencia ficción,416
247,Hacia la Fundación,1993-01-12,1993-01-26,Ciencia ficción,400
248,Yo, robot,1950-12-02,1950-12-16,Ciencia ficción,251
249,Las bóvedas de acero,1954-02-18,1954-03-04,Ciencia ficción,223
250,El sol desnudo,1957-10-20,1957-11-03,Ciencia ficción,188
251,Los robots del amanecer,1983-12-06,1983-12-20,Ciencia ficción,411
252,Robots e Imperio,1985-10-15,1985-10-29,Ciencia ficción,466
253,La guerra de los mundos,1898-04-10,1898-04-24,Ciencia ficción,303
254,El hombre invisible,1897-06-24,1897-07-08,Ciencia ficción,280
255,La máquina del tiempo,1895-05-21,1895-06-04,Ciencia ficción,144
256,La isla del doctor Moreau,1896-04-04,1896-04-18,Ciencia ficción,199
257,El alimento de los dioses,1904-10-09,1904-10-23,Ciencia ficción,317
258,En los días de los cometas,1906-01-20,1906-02-03,Ciencia ficción,384
259,La guerra en el aire,1908-01-01,1908-01-15,Ciencia ficción,352
260,Los primeros hombres en la Luna,1901-12-10,1901-12-24,Ciencia ficción,318
261,La guerra de los mundos,1898-07-12,1898-07-26,Ciencia ficción,303
262,El hombre invisible,1897-09-03,1897-09-17,Ciencia ficción,280
263,La máquina del tiempo,1895-08-14,1895-08-28,Ciencia ficción,144
264,La isla del doctor Moreau,1896-07-05,1896-07-19,Ciencia ficción,199
265,El alimento de los dioses,1904-03-22,1904-04-05,Ciencia ficción,317
266,En los días de los cometas,1906-04-10,1906-04-24,Ciencia ficción,384
267,La guerra en el aire,1908-04-03,1908-04-17,Ciencia ficción,352
268,Los primeros hombres en la Luna,1901-05-20,1901-06-03,Ciencia ficción,318
269,El mundo perdido,1912-04-23,1912-05-07,Ciencia ficción,255
270,La tierra de niebla,1926-09-12,1926-09-26,Ciencia ficción,251
271,El hombre que pudo reinar,1888-10-15,1888-10-29,Aventura,52
272,Las minas del rey Salomón,1885-09-28,1885-10-12,Aventura,320
273,Ella,1887-01-05,1887-01-19,Aventura,352
274,El prisionero de Zenda,1894-02-20,1894-03-06,Aventura,256
275,La isla del tesoro,1883-05-14,1883-05-28,Aventura,312
276,Las aventuras de Sherlock Holmes,1892-10-14,1892-10-28,Aventura,320
277,El sabueso de los Baskerville,1902-08-04,1902-08-18,Aventura,159
278,El signo de los cuatro,1890-02-05,1890-02-19,Aventura,159
279,Estudio en escarlata,1887-11-30,1887-12-14,Aventura,187
280,El valle del miedo,1915-09-22,1915-10-06,Aventura,287
281,El mundo perdido,1912-07-18,1912-08-01,Aventura,255
282,La tierra de niebla,1926-02-10,1926-02-24,Aventura,251
283,El hombre que pudo reinar,1888-03-05,1888-03-19,Aventura,52
284,Las minas del rey Salomón,1885-06-30,1885-07-14,Aventura,320
285,Ella,1887-04-20,1887-05-04,Aventura,352
286,El prisionero de Zenda,1894-05-12,1894-05-26,Aventura,256
287,Las aventuras de Sherlock Holmes,1892-03-28,1892-04-11,Aventura,320
288,El sabueso de los Baskerville,1902-01-15,1902-01-29,Aventura,159
289,El signo de los cuatro,1890-05-08,1890-05-22,Aventura,159
290,Estudio en escarlata,1887-06-03,1887-06-17,Aventura,187
291,El valle del miedo,1915-02-10,1915-02-24,Aventura,287
292,La vuelta al mundo en ochenta días,1873-01-02,1873-01-16,Aventura,224
293,Viaje al centro de la Tierra,1864-11-25,1864-12-09,Aventura,288
294,Veinte mil leguas de viaje submarino,1870-03-20,1870-04-03,Aventura,423
295,La isla misteriosa,1874-09-15,1874-09-29,Aventura,579
296,Miguel Strogoff,1876-08-12,1876-08-26,Aventura,480
297,Los hijos del capitán Grant,1868-01-01,1868-01-15,Aventura,576
298,Cinco semanas en globo,1863-01-31,1863-02-14,Aventura,288
299,Robur el Conquistador,1886-06-17,1886-07-01,Aventura,256
300,La esfinge de los hielos,1897-03-25,1897-04-08,Aventura,320
301,La vuelta al mundo en ochenta días,1873-04-12,1873-04-26,Aventura,224
302,Viaje al centro de la Tierra,1864-03-18,1864-04-01,Aventura,288
303,Veinte mil leguas de viaje submarino,1870-06-25,1870-07-09,Aventura,423
304,La isla misteriosa,1874-02-14,1874-02-28,Aventura,579
305,Miguel Strogoff,1876-01-10,1876-01-24,Aventura,480
306,Los hijos del capitán Grant,1868-04-30,1868-05-14,Aventura,576
307,Cinco semanas en globo,1863-04-17,1863-05-01,Aventura,288
308,Robur el Conquistador,1886-09-19,1886-10-03,Aventura,256
309,La esfinge de los hielos,1897-06-30,1897-07-14,Aventura,320
310,Sandokán: Los tigres de Mompracem,1883-12-02,1883-12-16,Aventura,448
311,Sandokán: Los piratas de la Malasia,1896-05-03,1896-05-17,Aventura,416
312,Sandokán: El rey del mar,1900-02-22,1900-03-07,Aventura,384
313,La llamada de la selva,1903-07-10,1903-07-24,Aventura,158
314,Colmillo Blanco,1906-10-01,1906-10-15,Aventura,232
315,El lobo de mar,1904-04-12,1904-04-26,Aventura,320
316,Canción de Navidad,1843-12-19,1843-01-02,Clásico,112
317,Oliver Twist,1838-02-07,1838-02-21,Clásico,432
318,David Copperfield,1850-05-01,1850-05-15,Clásico,624
319,Grandes esperanzas,1861-12-01,1861-12-15,Clásico,448
320,Historia de dos ciudades,1859-11-30,1859-12-14,Clásico,416
321,Un cuento de Navidad,1843-12-19,1843-01-02,Clásico,112
322,Oliver Twist,1838-05-10,1838-05-24,Clásico,432
323,David Copperfield,1850-08-03,1850-08-17,Clásico,624
324,Grandes esperanzas,1861-03-15,1861-03-29,Clásico,448
325,Historia de dos ciudades,1859-06-12,1859-06-26,Clásico,416
326,Los miserables,1862-04-03,1862-04-17,Clásico,1488
327,El jorobado de Notre Dame,1831-01-14,1831-01-28,Clásico,422
328,Nuestra Señora de París,1831-01-14,1831-01-28,Clásico,422
329,Crimen y castigo,1866-12-01,1866-12-15,Clásico,545
330,Guerra y paz,1869-01-28,1869-02-11,Clásico,1225
331,Anna Karenina,1878-01-01,1878-01-15,Clásico,864
332,La muerte de Iván Ilich,1886-02-10,1886-02-24,Clásico,96
333,La sonata a Kreutzer,1891-05-12,1891-05-26,Clásico,120
334,La guerra de los mundos,1898-04-10,1898-04-24,Clásico,303
335,El hombre invisible,1897-06-24,1897-07-08,Clásico,280
336,La máquina del tiempo,1895-05-21,1895-06-04,Clásico,144
337,La isla del doctor Moreau,1896-04-04,1896-04-18,Clásico,199
338,El extraño caso del Dr. Jekyll y Mr. Hyde,1886-01-05,1886-01-19,Clásico,144
339,El retrato de Dorian Gray,1890-06-20,1890-07-04,Clásico,256
340,Drácula,1897-05-26,1897-06-09,Clásico,390
341,Frankenstein,1818-01-01,1818-01-15,Clásico,280
342,Jane Eyre,1847-10-16,1847-10-30,Clásico,432
343,Cumbres Borrascosas,1847-12-07,1847-12-21,Clásico,342
344,Sentido y sensibilidad,1811-10-30,1811-11-13,Clásico,368
345,Emma,1815-12-23,1816-01-06,Clásico,432
346,Persuasión,1817-12-20,1818-01-03,Clásico,272
347,Mansfield Park,1814-05-09,1814-05-23,Clásico,464
348,La abadía de Northanger,1817-12-20,1818-01-03,Clásico,251
349,El corazón de las tinieblas,1899-02-10,1899-02-24,Clásico,112
350,Lord Jim,1900-10-01,1900-10-15,Clásico,415
351,Nostromo,1904-10-06,1904-10-20,Clásico,630
352,El agente secreto,1907-06-05,1907-06-19,Clásico,311
353,Bajo la mirada de Occidente,1911-09-25,1911-10-09,Clásico,440
354,La línea de sombra,1917-03-12,1917-03-26,Clásico,184
355,Victoria,1915-10-20,1915-11-03,Clásico,352
356,El negro del Narcissus,1897-12-04,1897-12-18,Clásico,222
357,Tifón,1902-01-17,1902-01-31,Clásico,110
358,Juventud,1902-01-17,1902-01-31,Clásico,104
359,El espejo del mar,1906-10-12,1906-10-26,Clásico,230
360,Un vagabundo por las islas,1915-09-08,1915-09-22,Clásico,240
361,La flecha negra,1883-10-14,1883-10-28,Aventura,288
362,La isla del tesoro,1883-05-14,1883-05-28,Aventura,312
363,El señor de Ballantrae,1889-01-26,1889-02-09,Aventura,320
364,Secuestrado,1886-07-01,1886-07-15,Aventura,288
365,Catriona,1893-08-25,1893-09-08,Aventura,352
366,La flecha negra,1888-04-19,1888-05-03,Aventura,288
367,El príncipe Otto,1885-10-20,1885-11-03,Aventura,224
368,El extraño caso del Dr. Jekyll y Mr. Hyde,1886-04-05,1886-04-19,Misterio,144
369,El sabueso de los Baskerville,1902-08-04,1902-08-18,Misterio,159
370,El misterio del cuarto amarillo,1907-09-15,1907-09-29,Misterio,288
371,El asesinato de Roger Ackroyd,1926-06-19,1926-07-03,Misterio,288
372,Diez negritos,1939-11-06,1939-11-20,Misterio,272
373,El asesinato en el Orient Express,1934-01-01,1934-01-15,Misterio,256
374,Muerte en el Nilo,1937-11-01,1937-11-15,Misterio,320
375,El ABC de los asesinatos,1936-05-06,1936-05-20,Misterio,256
376,Cartas sobre la mesa,1936-10-05,1936-10-19,Misterio,288
377,Asesinato en Mesopotamia,1936-07-06,1936-07-20,Misterio,256
378,Muerte en la vicaría,1930-10-06,1930-10-20,Misterio,288
379,El cuerpo en la biblioteca,1942-02-12,1942-02-26,Misterio,256
380,Un crimen dormido,1940-03-07,1940-03-21,Misterio,288
381,Navidades trágicas,1938-10-17,1938-10-31,Misterio,288
382,El templete de Nasse-House,1932-06-06,1932-06-20,Misterio,256
383,El misterioso caso de Styles,1920-10-01,1920-10-15,Misterio,288
384,El asesinato de Roger Ackroyd,1926-09-18,1926-10-02,Misterio,288
385,Diez negritos,1939-04-25,1939-05-09,Misterio,272
386,El asesinato en el Orient Express,1934-04-01,1934-04-15,Misterio,256
387,Muerte en el Nilo,1937-04-05,1937-04-19,Misterio,320
388,El ABC de los asesinatos,1936-08-12,1936-08-26,Misterio,256
389,Cartas sobre la mesa,1936-03-10,1936-03-24,Misterio,288
390,Asesinato en Mesopotamia,1936-01-22,1936-02-05,Misterio,256
391,Muerte en la vicaría,1930-03-20,1930-04-03,Misterio,288
392,El cuerpo en la biblioteca,1942-05-25,1942-06-08,Misterio,256
393,Un crimen dormido,1940-06-18,1940-07-02,Misterio,288
394,El caso de los anónimos,1936-09-01,1936-09-15,Misterio,288
395,Muerte en las nubes,1935-03-08,1935-03-22,Misterio,288
396,El peligro inminente,1932-07-05,1932-07-19,Misterio,288
397,El hombre del traje marrón,1924-08-20,1924-09-03,Misterio,320
398,El secreto de Chimneys,1925-03-25,1925-04-08,Misterio,304
399,Los siete relojes misteriosos,1929-02-06,1929-02-20,Misterio,320
400,El tren de las 4.50,1957-11-07,1957-11-21,Misterio,256
401,El asesinato de Roger Ackroyd,1926-03-12,1926-03-26,Misterio,288
402,Diez negritos,1939-07-20,1939-08-03,Misterio,272
403,El asesinato en el Orient Express,1934-07-02,1934-07-16,Misterio,256
404,Muerte en el Nilo,1937-07-10,1937-07-24,Misterio,320
405,El ABC de los asesinatos,1936-01-30,1936-02-13,Misterio,256
406,Cartas sobre la mesa,1936-05-23,1936-06-06,Misterio,288
407,Asesinato en Mesopotamia,1936-04-15,1936-04-29,Misterio,256
408,Muerte en la vicaría,1930-06-27,1930-07-11,Misterio,288
409,El cuerpo en la biblioteca,1942-08-22,1942-09-05,Misterio,256
410,Un crimen dormido,1940-09-18,1940-10-02,Misterio,288
411,El caso de los anónimos,1936-02-08,1936-02-22,Misterio,288
412,Muerte en las nubes,1935-06-15,1935-06-29,Misterio,288
413,El peligro inminente,1932-10-13,1932-10-27,Misterio,288
414,El hombre del traje marrón,1924-01-12,1924-01-26,Misterio,320
415,El secreto de Chimneys,1925-06-20,1925-07-04,Misterio,304
416,Los siete relojes misteriosos,1929-05-18,1929-06-01,Misterio,320
417,El tren de las 4.50,1957-04-03,1957-04-17,Misterio,256
418,El testigo de cargo,1925-01-31,1925-02-14,Misterio,80
419,Matar a un ruiseñor,1960-07-11,1960-07-25,Misterio,281
420,La chica del tren,2015-01-10,2015-01-24,Misterio,336
21,Perdida,2012-06-14,2012-06-28,Misterio,432
422,El código Da Vinci,2003-04-22,2003-05-06,Misterio,454
423,Ángeles y demonios,2000-09-05,2000-09-19,Misterio,616
424,La sombra del viento,2001-12-26,2002-01-09,Misterio,531
425,El nombre de la rosa,1980-08-10,1980-08-24,Misterio,512
426,El club Dumas,1993-07-02,1993-07-16,Misterio,552
427,El cementerio de Praga,2010-10-12,2010-10-26,Misterio,608
428,La verdad sobre el caso Harry Quebert,2012-09-18,2012-10-02,Misterio,640
429,La paciente silenciosa,2019-02-05,2019-02-19,Misterio,336
430,El invitado,2020-06-16,2020-06-30,Misterio,352
431,El psicoanalista,2002-11-18,2002-12-02,Thriller,448
432,El coleccionista de huesos,1997-09-02,1997-09-16,Thriller,384
433,El silencio de los corderos,1988-08-14,1988-08-28,Thriller,353
434,Hannibal,1999-06-08,1999-06-22,Thriller,485
435,El dragón rojo,1981-08-10,1981-08-24,Thriller,444
436,Los hombres que no amaban a las mujeres,2005-09-01,2005-09-15,Thriller,480
437,La chica que soñaba con una cerilla y un bidón de gasolina,2006-05-23,2006-06-06,Thriller,512
438,La reina en el palacio de las corrientes de aire,2007-08-28,2007-09-11,Thriller,560
439,La chica que miraba las casas de los demás,2009-08-18,2009-09-01,Thriller,448
440,La chica que jugaba con fuego,2006-09-12,2006-09-26,Thriller,525
441,El castillo de cristal,2005-06-15,2005-06-29,Thriller,448
442,La chica que pateaba los avisperos,2009-05-26,2009-06-09,Thriller,624
443,Los hombres que no amaban a las mujeres,2005-12-25,2006-01-08,Thriller,480
444,La chica que soñaba con una cerilla y un bidón de gasolina,2006-03-12,2006-03-26,Thriller,512
445,La reina en el palacio de las corrientes de aire,2007-02-14,2007-02-28,Thriller,560
446,La chica que miraba las casas de los demás,2009-01-10,2009-01-24,Thriller,448
447,La chica que jugaba con fuego,2006-06-30,2006-07-14,Thriller,525
448,El castillo de cristal,2005-09-18,2005-10-02,Thriller,448
449,La chica que pateaba los avisperos,2009-12-03,2009-12-17,Thriller,624
450,El psicoanalista,2002-04-05,2002-04-19,Thriller,448
451,El coleccionista de huesos,1997-03-08,1997-03-22,Thriller,384
452,Hannibal,1999-09-28,1999-10-12,Thriller,485
453,El dragón rojo,1981-01-30,1981-02-13,Thriller,444
454,El código Da Vinci,2003-07-20,2003-08-03,Thriller,454
455,Ángeles y demonios,2000-02-25,2000-03-10,Thriller,616
456,La fortaleza digital,1998-05-04,1998-05-18,Thriller,448
457,Deception Point,2001-12-11,2001-12-25,Thriller,512
458,La conspiración,2009-05-12,2009-05-26,Thriller,640
459,El símbolo perdido,2009-09-15,2009-09-29,Thriller,509
460,Inferno,2013-05-14,2013-05-28,Thriller,480
461,Origen,2017-10-03,2017-10-17,Thriller,528
462,El club Dumas,1993-10-12,1993-10-26,Thriller,552
463,El cementerio de Praga,2010-03-18,2010-04-01,Thriller,608
464,La verdad sobre el caso Harry Quebert,2012-02-14,2012-02-28,Thriller,640
465,La paciente silenciosa,2019-05-23,2019-06-06,Thriller,336
466,El invitado,2020-09-18,2020-10-02,Thriller,352
467,El código Da Vinci,2003-01-22,2003-02-05,Thriller,454
468,Ángeles y demonios,2000-06-15,2000-06-29,Thriller,616
469,La fortaleza digital,1998-08-29,1998-09-12,Thriller,448
470,Deception Point,2001-04-10,2001-04-24,Thriller,512
471,La conspiración,2009-08-31,2009-09-14,Thriller,640
472,El símbolo perdido,2009-02-08,2009-02-22,Thriller,509
473,Inferno,2013-08-22,2013-09-05,Thriller,480
474,Origen,2017-03-12,2017-03-26,Thriller,528
475,El gran Gatsby,1925-04-10,1925-04-24,Novela,180
476,Matar a un ruiseñor,1960-05-14,1960-05-28,Novela,281
477,Orgullo y prejuicio,1813-01-28,1813-02-11,Novela,432
478,1984,1949-06-08,1949-06-22,Novela,328
479,Rebelión en la granja,1945-08-17,1945-08-31,Novela,112
480,El guardián entre el centeno,1951-07-16,1951-07-30,Novela,277
481,El gran Gatsby,1925-07-11,1925-07-25,Novela,180
482,Matar a un ruiseñor,1960-02-18,1960-03-03,Novela,281
483,Orgullo y prejuicio,1813-04-22,1813-05-06,Novela,432
484,1984,1949-09-19,1949-10-03,Novela,328
485,Rebelión en la granja,1945-01-10,1945-01-24,Novela,112
486,El guardián entre el centeno,1951-04-03,1951-04-17,Novela,277
487,El señor de las moscas,1954-09-17,1954-10-01,Novela,224
488,Matadero cinco,1969-03-31,1969-04-14,Novela,215
489,La conjura de los necios,1980-12-02,1980-12-16,Novela,405
490,El color púrpura,1982-07-07,1982-07-21,Novela,288
491,Beloved,1987-09-14,1987-09-28,Novela,275
492,El cuento de la criada,1985-08-01,1985-08-15,Novela,311
493,Las uvas de la ira,1939-04-14,1939-04-28,Novela,464
494,El viejo y el mar,1952-09-08,1952-09-22,Novela,127
495,Por quién doblan las campanas,1940-10-21,1940-11-04,Novela,471
496,Adiós a las armas,1929-09-27,1929-10-11,Novela,332
497,Fiesta,1926-10-22,1926-11-05,Novela,251
498,El gran Gatsby,1925-01-05,1925-01-19,Novela,180
499,Matar a un ruiseñor,1960-04-12,1960-04-26,Novela,281
500,Orgullo y prejuicio,1813-07-18,1813-08-01,Novela,432
501,1984,1949-02-08,1949-02-22,Novela,328
502,Rebelión en la granja,1945-04-30,1945-05-14,Novela,112
503,El guardián entre el centeno,1951-07-05,1951-07-19,Novela,277
504,El señor de las moscas,1954-02-14,1954-02-28,Novela,224
505,Matadero cinco,1969-06-27,1969-07-11,Novela,215
506,La conjura de los necios,1980-05-18,1980-06-01,Novela,405
507,El color púrpura,1982-10-13,1982-10-27,Novela,288
508,Beloved,1987-02-08,1987-02-22,Novela,275
509,El cuento de la criada,1985-01-30,1985-02-13,Novela,311
510,Las uvas de la ira,1939-07-23,1939-08-06,Novela,464
511,El viejo y el mar,1952-02-12,1952-02-26,Novela,127
512,Por quién doblan las campanas,1940-03-18,1940-04-01,Novela,471
513,Adiós a las armas,1929-06-16,1929-06-30,Novela,332
514,Fiesta,1926-03-25,1926-04-08,Novela,251
515,Cien años de soledad,1967-05-30,1967-06-13,Novela,417
516,El amor en los tiempos del cólera,1985-08-14,1985-08-28,Novela,348
517,Crónica de una muerte anunciada,1981-05-20,1981-06-03,Novela,120
518,El otoño del patriarca,1975-09-01,1975-09-15,Novela,288
519,El general en su laberinto,1989-02-20,1989-03-05,Novela,288
520,Del amor y otros demonios,1994-04-19,1994-05-03,Novela,232
521,Noticia de un secuestro,1996-06-12,1996-06-26,Novela,352
522,Vivir para contarla,2002-10-08,2002-10-22,Novela,592
523,Memoria de mis putas tristes,2004-08-01,2004-08-15,Novela,111
524,El amor en los tiempos del cólera,1985-11-22,1985-12-06,Novela,348
525,Crónica de una muerte anunciada,1981-02-14,1981-02-28,Novela,120
526,El otoño del patriarca,1975-02-08,1975-02-22,Novela,288
527,El general en su laberinto,1989-05-23,1989-06-06,Novela,288
528,Del amor y otros demonios,1994-07-28,1994-08-11,Novela,232
529,Noticia de un secuestro,1996-09-18,1996-10-02,Novela,352
530,Vivir para contarla,2002-03-12,2002-03-26,Novela,592
531,Memoria de mis putas tristes,2004-01-30,2004-02-13,Novela,111
532,El túnel,1948-05-06,1948-05-20,Novela,122
533,Sobre héroes y tumbas,1961-11-16,1961-11-30,Novela,605
534,Rayuela,1963-04-03,1963-04-17,Novela,564
535,Cien años de soledad,1967-08-10,1967-08-24,Novela,417
536,El otoño del patriarca,1975-05-14,1975-05-28,Novela,288
537,Crónica de una muerte anunciada,1981-07-18,1981-08-01,Novela,120
538,El amor en los tiempos del cólera,1985-02-10,1985-02-24,Novela,348
539,El general en su laberinto,1989-08-29,1989-09-12,Novela,288
540,Del amor y otros demonios,1994-01-12,1994-01-26,Novela,232
541,Noticia de un secuestro,1996-03-02,1996-03-16,Novela,352
542,Vivir para contarla,2002-06-20,2002-07-04,Novela,592
543,Memoria de mis putas tristes,2004-04-15,2004-04-29,Novela,111
544,El nombre de la rosa,1980-01-17,1980-01-31,Novela histórica,512
545,Los pilares de la Tierra,1989-05-23,1989-06-06,Novela histórica,973
546,La catedral del mar,2006-08-22,2006-09-05,Novela histórica,688
547,El médico,1986-11-18,1986-12-02,Novela histórica,634
548,Los miserables,1862-07-11,1862-07-25,Novela histórica,1488
549,Sinuhé, el egipcio,1945-02-18,1945-03-04,Novela histórica,592
550,Quo Vadis?,1895-10-01,1895-10-15,Novela histórica,680
551,Ivanhoe,1819-12-18,1819-01-01,Novela histórica,480
552,Los tres mosqueteros,1844-03-14,1844-03-28,Novela histórica,600
553,El conde de Montecristo,1844-08-28,1844-09-11,Novela histórica,1276
554,La pimpinela escarlata,1905-10-05,1905-10-19,Novela histórica,320
555,Lo que el viento se llevó,1936-06-30,1936-07-14,Novela histórica,1037
556,El puente sobre el río Kwai,1952-09-11,1952-09-25,Novela histórica,256
557,El día más largo,1959-06-24,1959-07-08,Novela histórica,288
558,Shogun,1975-06-16,1975-06-30,Novela histórica,1152
559,El nombre de la rosa,1980-04-17,1980-05-01,Novela histórica,512
560,Los pilares de la Tierra,1989-08-14,1989-08-28,Novela histórica,973
561,La catedral del mar,2006-01-15,2006-01-29,Novela histórica,688
562,El médico,1986-04-03,1986-04-17,Novela histórica,634
563,Memorias de una geisha,1997-09-27,1997-10-11,Novela histórica,434
564,El clan del oso cavernario,1980-05-08,1980-05-22,Novela histórica,448
565,Los reyes malditos: El rey de hierro,1955-02-10,1955-02-24,Novela histórica,288
566,Los reyes malditos: La reina estrangulada,1955-05-12,1955-05-26,Novela histórica,256
567,Los reyes malditos: La loba de Francia,1956-03-05,1956-03-19,Novela histórica,272
568,Los reyes malditos: La ley de los varones,1957-06-03,1957-06-17,Novela histórica,240
569,Los reyes malditos: La flor de lis y el león,1958-09-12,1958-09-26,Novela histórica,256
570,Los reyes malditos: Cuando un rey pierde Francia,1959-02-14,1959-02-28,Novela histórica,272
571,Los reyes malditos: El rey leproso,1960-05-08,1960-05-22,Novela histórica,240
572,Los reyes malditos: La reina sin reino,1961-08-10,1961-08-24,Novela histórica,224
573,Los reyes malditos: El fin de la maldición,1977-01-15,1977-01-29,Novela histórica,256
574,El perfume,1985-04-03,1985-04-17,Novela histórica,256
575,La conjura de los necios,1980-07-11,1980-07-25,Novela histórica,405
576,El nombre de la rosa,1980-10-01,1980-10-15,Novela histórica,512
577,Los pilares de la Tierra,1989-12-26,1990-01-09,Novela histórica,973
578,La catedral del mar,2006-04-20,2006-05-04,Novela histórica,688
579,El médico,1986-07-02,1986-07-16,Novela histórica,634
580,Memorias de una geisha,1997-02-18,1997-03-04,Novela histórica,434
581,El clan del oso cavernario,1980-08-12,1980-08-26,Novela histórica,448
582,Los reyes malditos: El rey de hierro,1955-05-23,1955-06-06,Novela histórica,288
583,Los reyes malditos: La reina estrangulada,1955-08-28,1955-09-11,Novela histórica,256
584,Los reyes malditos: La loba de Francia,1956-06-15,1956-06-29,Novela histórica,272
585,Los reyes malditos: La ley de los varones,1957-09-18,1957-10-02,Novela histórica,240
586,Los reyes malditos: La flor de lis y el león,1958-02-08,1958-02-22,Novela histórica,256
587,Los reyes malditos: Cuando un rey pierde Francia,1959-05-18,1959-06-01,Novela histórica,272
588,Los reyes malditos: El rey leproso,1960-08-31,1960-09-14,Novela histórica,240
589,Los reyes malditos: La reina sin reino,1961-01-30,1961-02-13,Novela histórica,224
590,Los reyes malditos: El fin de la maldición,1977-04-10,1977-04-24,Novela histórica,256
591,El perfume,1985-07-05,1985-07-19,Novela histórica,256
592,La conjura de los necios,1980-10-13,1980-10-27,Novela histórica,405
593,Yo, Claudio,1934-10-16,1934-10-30,Novela histórica,496
594,Claudio, el dios, y su esposa Mesalina,1935-01-15,1935-01-29,Novela histórica,448
595,África mía,1937-10-12,1937-10-26,Novela histórica,528
596,Memorias de Adriano,1951-11-16,1951-11-30,Novela histórica,320
597,El Gatopardo,1958-11-22,1958-12-06,Novela histórica,368
598,Los Buddenbrook,1901-02-14,1901-02-28,Novela histórica,672
599,Guerra y paz,1869-01-28,1869-02-11,Novela histórica,1225
600,Los miserables,1862-04-03,1862-04-17,Novela histórica,1488